sample,genus,species,taxon,population,pool,WGA,WGA_input_ng,samplename_ipyrad,reads_raw,reads_passed_filter,clusters_total,clusters_hidepth,hetero_est,error_est,assembled,excluded_dueto_less_than_100_loci,excluded_dueto_few_shared_loci
BdM1231,Anchylorhynchus,trapezicollis,Anchylorhynchus,P1,5,FALSE,,BdM1231pool05,208648,208547,38203,8334,0.016595,0.006118,TRUE,FALSE,FALSE
BdM1231,Anchylorhynchus,trapezicollis,Anchylorhynchus,P1,27,TRUE,305.6130702,BdM1231pool27,403732,403625,32323,3222,0.022452,0.004331,TRUE,FALSE,FALSE
BdM1232,Anchylorhynchus,trapezicollis,Anchylorhynchus,P1,5,FALSE,,BdM1232pool05,252056,251938,38428,10494,0.014961,0.005251,TRUE,FALSE,FALSE
BdM1232,Anchylorhynchus,trapezicollis,Anchylorhynchus,P1,27,TRUE,322.7236744,BdM1232pool27,557373,554014,57720,14115,0.013707,0.003441,TRUE,FALSE,FALSE
BdM1233,Anchylorhynchus,trapezicollis,Anchylorhynchus,P1,5,TRUE,8.611418017,BdM1233pool05,175497,175424,27018,3560,0.029555,0.006324,TRUE,FALSE,FALSE
BdM1233,Anchylorhynchus,trapezicollis,Anchylorhynchus,P1,18,TRUE,8.611418017,BdM1233pool18,2005268,2005065,75552,15068,0.02351,0.00333,TRUE,FALSE,FALSE
BdM1234,Anchylorhynchus,trapezicollis,Anchylorhynchus,P1,5,TRUE,23.39446726,BdM1234pool05,606426,606152,42989,6831,0.027849,0.005133,TRUE,FALSE,FALSE
BdM1235,Anchylorhynchus,trapezicollis,Anchylorhynchus,P1,5,FALSE,,BdM1235pool05,309629,309504,48397,12376,0.014069,0.004979,TRUE,FALSE,FALSE
BdM1236,Anchylorhynchus,trapezicollis,Anchylorhynchus,P1,5,FALSE,,BdM1236pool05,702177,701906,69286,19966,0.013182,0.003398,TRUE,FALSE,FALSE
BdM1237,Anchylorhynchus,trapezicollis,Anchylorhynchus,P1,5,FALSE,,BdM1237pool05,524129,523893,57739,17791,0.012163,0.003722,TRUE,FALSE,FALSE
BdM1238,Anchylorhynchus,trapezicollis,Anchylorhynchus,P1,5,FALSE,,BdM1238pool05,370452,370299,48779,14798,0.012417,0.00407,TRUE,FALSE,FALSE
BdM1012,Anchylorhynchus,trapezicollis,Anchylorhynchus,P2,13,FALSE,,BdM1012pool13,346158,345964,37253,13546,0.013133,0.004256,TRUE,FALSE,FALSE
BdM1013,Anchylorhynchus,trapezicollis,Anchylorhynchus,P2,13,FALSE,,BdM1013pool13,374353,374179,37902,14298,0.013079,0.004031,TRUE,FALSE,FALSE
BdM1013,Anchylorhynchus,trapezicollis,Anchylorhynchus,P2,27,TRUE,224.105032,BdM1013pool27,529474,529414,50270,10866,0.012249,0.00308,TRUE,FALSE,FALSE
BdM1014,Anchylorhynchus,trapezicollis,Anchylorhynchus,P2,13,FALSE,,BdM1014pool13,473381,473095,44757,16660,0.013139,0.003743,TRUE,FALSE,FALSE
BdM1015,Anchylorhynchus,trapezicollis,Anchylorhynchus,P2,13,FALSE,,BdM1015pool13,470871,470575,43048,16718,0.013125,0.003739,TRUE,FALSE,FALSE
BdM1016,Anchylorhynchus,trapezicollis,Anchylorhynchus,P2,13,FALSE,,BdM1016pool13,669685,669216,52670,21395,0.012367,0.003371,TRUE,FALSE,FALSE
BdM1017,Anchylorhynchus,trapezicollis,Anchylorhynchus,P2,13,FALSE,,BdM1017pool13,149550,149463,23332,5876,0.015242,0.0059,TRUE,FALSE,FALSE
BdM1017,Anchylorhynchus,trapezicollis,Anchylorhynchus,P2,27,TRUE,261.9435404,BdM1017pool27,663577,663516,47560,7502,0.022487,0.005035,TRUE,FALSE,FALSE
BdM1018,Anchylorhynchus,trapezicollis,Anchylorhynchus,P2,13,FALSE,,BdM1018pool13,514455,514146,44515,17656,0.012545,0.003605,TRUE,FALSE,FALSE
BdM1019,Anchylorhynchus,trapezicollis,Anchylorhynchus,P2,13,FALSE,,BdM1019pool13,706813,706357,57203,21752,0.01336,0.003586,TRUE,FALSE,FALSE
BdM1239,Anchylorhynchus,trapezicollis,Anchylorhynchus,P3,5,FALSE,,BdM1239pool05,405756,405588,54524,15411,0.0137,0.00472,TRUE,FALSE,FALSE
BdM1240,Anchylorhynchus,trapezicollis,Anchylorhynchus,P3,5,FALSE,,BdM1240pool05,475118,474863,54189,17053,0.013314,0.003795,TRUE,FALSE,FALSE
BdM1241,Anchylorhynchus,trapezicollis,Anchylorhynchus,P3,5,FALSE,,BdM1241pool05,276416,276308,40852,11449,0.014141,0.004752,TRUE,FALSE,FALSE
BdM1241,Anchylorhynchus,trapezicollis,Anchylorhynchus,P3,27,TRUE,300.4372454,BdM1241pool27,380250,380196,33311,3708,0.019574,0.006109,TRUE,FALSE,FALSE
BdM1242,Anchylorhynchus,trapezicollis,Anchylorhynchus,P3,5,FALSE,,BdM1242pool05,135252,135194,30458,4309,0.020029,0.007758,TRUE,FALSE,FALSE
BdM1242,Anchylorhynchus,trapezicollis,Anchylorhynchus,P3,27,TRUE,201.6620195,BdM1242pool27,111408,111391,25267,2759,0.020862,0.007623,TRUE,FALSE,FALSE
BdM1243,Anchylorhynchus,trapezicollis,Anchylorhynchus,P3,5,FALSE,,BdM1243pool05,458372,458185,55100,16511,0.013206,0.00411,TRUE,FALSE,FALSE
BdM1020,Anchylorhynchus,trapezicollis,Anchylorhynchus,P4,13,FALSE,,BdM1020pool13,45958,45919,9960,1227,0.024642,0.012022,TRUE,FALSE,FALSE
BdM1020,Anchylorhynchus,trapezicollis,Anchylorhynchus,P4,27,TRUE,166.996457,BdM1020pool27,153093,153068,34687,4741,0.01971,0.00998,TRUE,FALSE,FALSE
BdM1021,Anchylorhynchus,trapezicollis,Anchylorhynchus,P4,13,FALSE,,BdM1021pool13,108639,108528,19039,3506,0.021926,0.009201,TRUE,FALSE,FALSE
BdM1021,Anchylorhynchus,trapezicollis,Anchylorhynchus,P4,27,TRUE,206.0194707,BdM1021pool27,528265,528223,51634,9425,0.02093,0.006505,TRUE,FALSE,FALSE
BdM1022,Anchylorhynchus,trapezicollis,Anchylorhynchus,P4,13,FALSE,,BdM1022pool13,17778,17734,4807,399,0.025,0.013622,TRUE,FALSE,TRUE
BdM1022,Anchylorhynchus,trapezicollis,Anchylorhynchus,P4,27,TRUE,86.20018542,BdM1022pool27,1493971,1493870,39506,4798,0.040593,0.007413,TRUE,FALSE,TRUE
BdM1023,Anchylorhynchus,trapezicollis,Anchylorhynchus,P4,13,FALSE,,BdM1023pool13,24378,24358,5454,692,0.025128,0.011277,TRUE,FALSE,FALSE
BdM1023,Anchylorhynchus,trapezicollis,Anchylorhynchus,P4,27,TRUE,252.5675504,BdM1023pool27,530993,530955,45476,8924,0.021584,0.007345,TRUE,FALSE,FALSE
BdM1024,Anchylorhynchus,trapezicollis,Anchylorhynchus,P4,13,TRUE,23.41503465,BdM1024pool13,53335,53303,168,25,0.002659,0.000468,TRUE,TRUE,NA
BdM1024,Anchylorhynchus,trapezicollis,Anchylorhynchus,P4,18,TRUE,23.41503465,BdM1024pool18,1844448,1844317,4928,143,0.040443,0.006259,TRUE,TRUE,NA
BdM1025,Anchylorhynchus,trapezicollis,Anchylorhynchus,P4,13,FALSE,,BdM1025pool13,6300,6281,1757,152,0.028478,0.011156,TRUE,TRUE,NA
BdM1025,Anchylorhynchus,trapezicollis,Anchylorhynchus,P4,27,TRUE,255.7954222,BdM1025pool27,1194839,1194751,59914,11290,0.02549,0.007434,TRUE,FALSE,FALSE
BdM1026,Anchylorhynchus,trapezicollis,Anchylorhynchus,P5,13,FALSE,,BdM1026pool13,297774,297557,36091,10576,0.016771,0.006964,TRUE,FALSE,FALSE
BdM1027,Anchylorhynchus,trapezicollis,Anchylorhynchus,P5,13,FALSE,,BdM1027pool13,524076,523760,44442,17231,0.014931,0.00488,TRUE,FALSE,FALSE
BdM1028,Anchylorhynchus,trapezicollis,Anchylorhynchus,P5,13,FALSE,,BdM1028pool13,245776,245616,29917,9174,0.016013,0.006641,TRUE,FALSE,FALSE
BdM1028,Anchylorhynchus,trapezicollis,Anchylorhynchus,P5,27,TRUE,279.3221527,BdM1028pool27,440343,440289,62213,12534,0.014971,0.005809,TRUE,FALSE,FALSE
BdM1029,Anchylorhynchus,trapezicollis,Anchylorhynchus,P5,13,FALSE,,BdM1029pool13,192376,192288,26588,6928,0.017069,0.007524,TRUE,FALSE,FALSE
BdM1029,Anchylorhynchus,trapezicollis,Anchylorhynchus,P5,27,TRUE,259.453174,BdM1029pool27,1194657,1194548,71796,13671,0.022331,0.007247,TRUE,FALSE,FALSE
BdM1030,Anchylorhynchus,trapezicollis,Anchylorhynchus,P5,13,FALSE,,BdM1030pool13,310733,310539,36392,11305,0.016244,0.006499,TRUE,FALSE,FALSE
BdM1031,Anchylorhynchus,trapezicollis,Anchylorhynchus,P5,13,FALSE,,BdM1031pool13,281096,280913,36209,11114,0.015821,0.005239,TRUE,FALSE,FALSE
BdM1798,Anchylorhynchus,trapezicollis,Anchylorhynchus,P5,34,FALSE,,BdM1798pool34,2724710,2724299,86533,31581,0.013958,0.002325,TRUE,FALSE,FALSE
BdM1799,Anchylorhynchus,trapezicollis,Anchylorhynchus,P5,34,FALSE,,BdM1799pool34,497848,497470,56175,15858,0.014581,0.006213,TRUE,FALSE,FALSE
BdM1800,Anchylorhynchus,trapezicollis,Anchylorhynchus,P5,34,FALSE,,BdM1800pool34,3316312,3316018,88708,34211,0.014127,0.00207,TRUE,FALSE,FALSE
BdM1801,Anchylorhynchus,trapezicollis,Anchylorhynchus,P5,34,FALSE,,BdM1801pool34,497583,497413,79223,15538,0.015905,0.007883,TRUE,FALSE,FALSE
BdM1032,Anchylorhynchus,trapezicollis,Anchylorhynchus,P6,13,FALSE,,BdM1032pool13,231659,231522,30462,8170,0.017263,0.007247,TRUE,FALSE,FALSE
BdM1033,Anchylorhynchus,trapezicollis,Anchylorhynchus,P6,13,FALSE,,BdM1033pool13,123053,122958,21468,3970,0.021984,0.009209,TRUE,FALSE,TRUE
BdM1033,Anchylorhynchus,trapezicollis,Anchylorhynchus,P6,27,TRUE,244.6996559,BdM1033pool27,202944,202932,11731,934,0.028706,0.004625,TRUE,FALSE,TRUE
BdM1034,Anchylorhynchus,trapezicollis,Anchylorhynchus,P6,13,FALSE,,BdM1034pool13,366291,366087,40061,13873,0.01496,0.004375,TRUE,FALSE,FALSE
BdM1035,Anchylorhynchus,trapezicollis,Anchylorhynchus,P6,13,FALSE,,BdM1035pool13,162025,161910,25163,6362,0.016677,0.006189,TRUE,FALSE,FALSE
BdM1035,Anchylorhynchus,trapezicollis,Anchylorhynchus,P6,27,TRUE,290.1667064,BdM1035pool27,1305801,1305702,74723,13697,0.021814,0.005211,TRUE,FALSE,FALSE
BdM1036,Anchylorhynchus,trapezicollis,Anchylorhynchus,P6,13,FALSE,,BdM1036pool13,190308,190177,27232,6722,0.018099,0.007568,TRUE,FALSE,FALSE
BdM1036,Anchylorhynchus,trapezicollis,Anchylorhynchus,P6,27,TRUE,327.3696449,BdM1036pool27,959098,959009,57070,9936,0.022593,0.005743,TRUE,FALSE,FALSE
BdM1037,Anchylorhynchus,trapezicollis,Anchylorhynchus,P6,13,FALSE,,BdM1037pool13,305435,305225,35849,10947,0.01629,0.006595,TRUE,FALSE,FALSE
BdM1795,Anchylorhynchus,trapezicollis,Anchylorhynchus,P6,34,FALSE,,BdM1795pool34,1245774,1245584,66399,24016,0.014179,0.003843,TRUE,FALSE,FALSE
BdM1796,Anchylorhynchus,trapezicollis,Anchylorhynchus,P6,34,FALSE,,BdM1796pool34,1099121,1098888,86816,24612,0.01543,0.005532,TRUE,FALSE,FALSE
BdM1038,Anchylorhynchus,trapezicollis,Anchylorhynchus,P7,13,FALSE,,BdM1038pool13,262155,262012,32681,10471,0.015048,0.005026,TRUE,FALSE,FALSE
BdM1039,Anchylorhynchus,trapezicollis,Anchylorhynchus,P7,13,FALSE,,BdM1039pool13,1000258,999584,66317,26756,0.015319,0.004509,TRUE,FALSE,FALSE
BdM1040,Anchylorhynchus,trapezicollis,Anchylorhynchus,P7,13,FALSE,,BdM1040pool13,78701,78349,15871,2654,0.019531,0.008274,TRUE,FALSE,FALSE
BdM1040,Anchylorhynchus,trapezicollis,Anchylorhynchus,P7,27,TRUE,191.8323078,BdM1040pool27,308985,308961,29054,3352,0.025051,0.006157,TRUE,FALSE,FALSE
BdM1041,Anchylorhynchus,trapezicollis,Anchylorhynchus,P7,13,FALSE,,BdM1041pool13,481348,481048,43591,16950,0.014198,0.003674,TRUE,FALSE,FALSE
BdM1042,Anchylorhynchus,trapezicollis,Anchylorhynchus,P7,13,FALSE,,BdM1042pool13,274890,274707,34400,9790,0.016881,0.007119,TRUE,FALSE,FALSE
BdM1043,Anchylorhynchus,trapezicollis,Anchylorhynchus,P7,13,FALSE,,BdM1043pool13,789673,789148,58201,23005,0.015231,0.004634,TRUE,FALSE,FALSE
BdM1043,Anchylorhynchus,trapezicollis,Anchylorhynchus,P7,27,TRUE,343.0739894,BdM1043pool27,356121,356087,48503,10038,0.016595,0.006218,TRUE,FALSE,FALSE
BdM1797,Anchylorhynchus,trapezicollis,Anchylorhynchus,P7,34,FALSE,,BdM1797pool34,709840,709746,54984,22244,0.014203,0.003771,TRUE,FALSE,FALSE
BdM1244,Anchylorhynchus,trapezicollis,Anchylorhynchus,P8,5,FALSE,,BdM1244pool05,645761,645485,60015,19467,0.012186,0.003477,TRUE,FALSE,FALSE
BdM1245,Anchylorhynchus,trapezicollis,Anchylorhynchus,P8,5,FALSE,,BdM1245pool05,445351,445134,56780,16224,0.013215,0.004295,TRUE,FALSE,FALSE
BdM1246,Anchylorhynchus,trapezicollis,Anchylorhynchus,P8,5,FALSE,,BdM1246pool05,201550,201467,40091,8150,0.014496,0.006577,TRUE,FALSE,FALSE
BdM1246,Anchylorhynchus,trapezicollis,Anchylorhynchus,P8,27,TRUE,296.4474415,BdM1246pool27,891078,891004,38527,4940,0.022211,0.004236,TRUE,FALSE,FALSE
BdM1247,Anchylorhynchus,trapezicollis,Anchylorhynchus,P8,5,FALSE,,BdM1247pool05,849268,848876,62435,20944,0.011594,0.002777,TRUE,FALSE,FALSE
BdM1247,Anchylorhynchus,trapezicollis,Anchylorhynchus,P8,27,TRUE,357.8959091,BdM1247pool27,564334,564270,76879,14551,0.012094,0.004036,TRUE,FALSE,FALSE
BdM1044,Anchylorhynchus,trapezicollis,Anchylorhynchus,P9,13,FALSE,,BdM1044pool13,265534,265359,35460,10630,0.01559,0.004946,TRUE,FALSE,FALSE
BdM1045,Anchylorhynchus,trapezicollis,Anchylorhynchus,P9,13,FALSE,,BdM1045pool13,512965,512676,46371,18074,0.014578,0.003765,TRUE,FALSE,TRUE
BdM1045,Anchylorhynchus,trapezicollis,Anchylorhynchus,P9,27,TRUE,269.9397797,BdM1045pool27,112265,112259,21355,1319,0.028901,0.006739,TRUE,FALSE,TRUE
BdM1046,Anchylorhynchus,trapezicollis,Anchylorhynchus,P9,13,FALSE,,BdM1046pool13,710766,710366,54940,22726,0.014384,0.003501,TRUE,FALSE,FALSE
BdM1046,Anchylorhynchus,trapezicollis,Anchylorhynchus,P9,27,TRUE,312.3306672,BdM1046pool27,183443,183432,34288,6086,0.017889,0.006498,TRUE,FALSE,FALSE
BdM1047,Anchylorhynchus,trapezicollis,Anchylorhynchus,P9,13,FALSE,,BdM1047pool13,369535,369270,40925,14495,0.014762,0.004396,TRUE,FALSE,FALSE
BdM1048,Anchylorhynchus,trapezicollis,Anchylorhynchus,P9,13,FALSE,,BdM1048pool13,809304,808820,59382,24573,0.014298,0.00354,TRUE,FALSE,FALSE
BdM1248,Andranthobius,bondari,Andranthobius,P1,12,TRUE,26.9256615,BdM1248pool12,304,304,216,1,3.66E-07,0.000409,TRUE,TRUE,NA
BdM1248,Andranthobius,bondari,Andranthobius,P1,29,TRUE,26.9256615,BdM1248pool29,714077,714028,8281,210,0.02572305,0.005558,TRUE,TRUE,NA
BdM1249,Andranthobius,bondari,Andranthobius,P1,12,FALSE,,BdM1249pool12,16541,16536,4770,217,0.04082325,0.010791,TRUE,TRUE,NA
BdM1249,Andranthobius,bondari,Andranthobius,P1,29,TRUE,277.4933589,BdM1249pool29,891333,891219,82650,12363,0.01863156,0.005508,TRUE,FALSE,FALSE
BdM1250,Andranthobius,bondari,Andranthobius,P1,12,FALSE,,BdM1250pool12,56255,56233,11626,845,0.03490373,0.012859,TRUE,FALSE,FALSE
BdM1250,Andranthobius,bondari,Andranthobius,P1,29,TRUE,279.3221527,BdM1250pool29,1068662,1068543,90360,15353,0.01812242,0.005676,TRUE,FALSE,FALSE
BdM1251,Andranthobius,bondari,Andranthobius,P1,12,FALSE,,BdM1251pool12,480823,480639,40749,11987,0.0171974,0.007406,TRUE,FALSE,FALSE
BdM1252,Andranthobius,bondari,Andranthobius,P1,12,FALSE,,BdM1252pool12,96991,96920,18045,1659,0.03084244,0.012766,TRUE,FALSE,FALSE
BdM1252,Andranthobius,bondari,Andranthobius,P1,29,TRUE,253.7366687,BdM1252pool29,581658,581570,73019,9779,0.02020529,0.007013,TRUE,FALSE,FALSE
BdM1253,Andranthobius,bondari,Andranthobius,P1,12,TRUE,22.06474836,BdM1253pool12,498002,496954,17360,2784,0.02104309,0.003292,TRUE,FALSE,FALSE
BdM1254,Andranthobius,bondari,Andranthobius,P1,12,TRUE,9.856549514,BdM1254pool12,10729,10717,1574,124,0.0148698,0.001319,TRUE,TRUE,NA
BdM1254,Andranthobius,bondari,Andranthobius,P1,19,TRUE,9.856549514,BdM1254pool19,345462,345427,25996,3223,0.01917489,0.002117,TRUE,FALSE,FALSE
BdM1255,Andranthobius,bondari,Andranthobius,P1,12,FALSE,,BdM1255pool12,13821,13814,3930,169,0.03530651,0.011636,TRUE,TRUE,NA
BdM1255,Andranthobius,bondari,Andranthobius,P1,29,TRUE,251.7249427,BdM1255pool29,486576,486535,60937,8361,0.02020661,0.007342,TRUE,FALSE,FALSE
BdM1256,Andranthobius,bondari,Andranthobius,P3,12,FALSE,,BdM1256pool12,449361,449224,34345,11003,0.01647987,0.007155,TRUE,FALSE,TRUE
BdM1256,Andranthobius,bondari,Andranthobius,P3,29,TRUE,304.0870594,BdM1256pool29,399800,399778,30647,2258,0.02827055,0.010262,TRUE,FALSE,TRUE
BdM1257,Andranthobius,bondari,Andranthobius,P3,12,FALSE,,BdM1257pool12,763561,763291,40418,17152,0.01495996,0.005719,TRUE,FALSE,FALSE
BdM1258,Andranthobius,bondari,Andranthobius,P3,12,FALSE,,BdM1258pool12,1248246,1247803,60195,23641,0.01524997,0.004998,TRUE,FALSE,FALSE
BdM1259,Andranthobius,bondari,Andranthobius,P3,12,FALSE,,BdM1259pool12,512914,512745,36720,13107,0.01574607,0.00671,TRUE,FALSE,FALSE
BdM1260,Andranthobius,bondari,Andranthobius,P3,12,FALSE,,BdM1260pool12,1213599,1213110,51733,23031,0.01453135,0.004747,TRUE,FALSE,FALSE
BdM1261,Andranthobius,bondari,Andranthobius,P3,12,FALSE,,BdM1261pool12,285038,284930,29633,6888,0.01957865,0.008721,TRUE,FALSE,FALSE
BdM1272,Andranthobius,bondari,Andranthobius,P3,12,FALSE,,BdM1272pool12,126723,126665,19611,2526,0.02658546,0.011779,TRUE,FALSE,TRUE
BdM1272,Andranthobius,bondari,Andranthobius,P3,29,TRUE,246.9759989,BdM1272pool29,203619,203604,31512,2674,0.02388591,0.00823,TRUE,FALSE,TRUE
BdM1273,Andranthobius,bondari,Andranthobius,P3,12,FALSE,,BdM1273pool12,266519,266413,29766,6477,0.02029395,0.008992,TRUE,FALSE,FALSE
BdM1262,Andranthobius,bondari,Andranthobius,P8,12,FALSE,,BdM1262pool12,1857273,1856584,55057,26765,0.01432648,0.003474,TRUE,FALSE,FALSE
BdM1263,Andranthobius,bondari,Andranthobius,P8,12,FALSE,,BdM1263pool12,865830,865525,46919,19354,0.0154359,0.005528,TRUE,FALSE,FALSE
BdM1264,Andranthobius,bondari,Andranthobius,P8,12,FALSE,,BdM1264pool12,699237,698964,40145,17173,0.01472872,0.005856,TRUE,FALSE,FALSE
BdM1265,Andranthobius,bondari,Andranthobius,P8,12,TRUE,80.05048935,BdM1265pool12,22662,22656,499,28,0.007644826,0.000923,TRUE,TRUE,NA
BdM1265,Andranthobius,bondari,Andranthobius,P8,19,TRUE,80.05048935,BdM1265pool19,437516,437482,21286,1471,0.02337132,0.003562,TRUE,FALSE,FALSE
BdM1266,Andranthobius,bondari,Andranthobius,P8,12,FALSE,,BdM1266pool12,139572,139510,21109,2783,0.02675671,0.011512,TRUE,FALSE,FALSE
BdM1266,Andranthobius,bondari,Andranthobius,P8,29,TRUE,132.5044839,BdM1266pool29,350952,350912,39889,4904,0.02012025,0.00516,TRUE,FALSE,FALSE
BdM1267,Andranthobius,bondari,Andranthobius,P8,12,FALSE,,BdM1267pool12,227048,226952,27887,5440,0.02112974,0.009794,TRUE,FALSE,FALSE
BdM1274,Andranthobius,bondari,Andranthobius,P8,12,TRUE,85.38823135,BdM1274pool12,429159,429032,6257,365,0.04286157,0.008209,TRUE,TRUE,NA
BdM1275,Andranthobius,bondari,Andranthobius,P8,12,FALSE,,BdM1275pool12,1462561,1461949,53973,25210,0.0144977,0.004381,TRUE,FALSE,FALSE
BdM1158,Celetes,impar,Celetes_impar,P2,8,FALSE,,BdM1158pool08,186876,186743,36315,5263,0.027459,0.012234,TRUE,FALSE,TRUE
BdM1158,Celetes,impar,Celetes_impar,P2,28,TRUE,306.2918191,BdM1158pool28,700304,700214,73481,13877,0.011875,0.003469,TRUE,FALSE,TRUE
BdM1159,Celetes,impar,Celetes_impar,P2,8,FALSE,,BdM1159pool08,422922,422605,50330,14577,0.020518,0.008346,TRUE,FALSE,FALSE
BdM1160,Celetes,impar,Celetes_impar,P2,8,FALSE,,BdM1160pool08,666089,665625,59222,22361,0.018659,0.006868,TRUE,FALSE,FALSE
BdM1161,Celetes,impar,Celetes_impar,P2,8,FALSE,,BdM1161pool08,640022,639539,59702,21279,0.019067,0.006864,TRUE,FALSE,FALSE
BdM1162,Celetes,impar,Celetes_impar,P2,8,FALSE,,BdM1162pool08,16462,16452,6735,217,0.041157,0.017157,TRUE,TRUE,NA
BdM1162,Celetes,impar,Celetes_impar,P2,28,TRUE,278.4193205,BdM1162pool28,917772,917545,108108,21495,0.019296,0.005416,TRUE,FALSE,FALSE
BdM1163,Celetes,impar,Celetes_impar,P2,8,FALSE,,BdM1163pool08,613928,613425,55300,20578,0.019262,0.006726,TRUE,FALSE,FALSE
BdM1152,Celetes,impar,Celetes_impar,P4,8,TRUE,21.92490444,BdM1152pool08,448402,448139,67318,12223,0.025435,0.00858,TRUE,FALSE,FALSE
BdM1153,Celetes,impar,Celetes_impar,P4,8,FALSE,,BdM1153pool08,231059,230904,39498,7496,0.024754,0.010822,TRUE,FALSE,FALSE
BdM1154,Celetes,impar,Celetes_impar,P4,8,FALSE,,BdM1154pool08,67177,67116,19219,1221,0.03791,0.015332,TRUE,FALSE,FALSE
BdM1154,Celetes,impar,Celetes_impar,P4,28,TRUE,250.8244854,BdM1154pool28,548797,548647,75407,12852,0.019064,0.00581,TRUE,FALSE,FALSE
BdM1155,Celetes,impar,Celetes_impar,P4,8,FALSE,,BdM1155pool08,449821,449390,57354,15073,0.021691,0.008598,TRUE,FALSE,FALSE
BdM1156,Celetes,impar,Celetes_impar,P4,8,FALSE,,BdM1156pool08,208299,207742,38984,6250,0.026364,0.011729,TRUE,FALSE,FALSE
BdM1146,Celetes,impar,Celetes_impar,P5,8,FALSE,,BdM1146pool08,108720,108647,26138,2443,0.032797,0.014305,TRUE,FALSE,FALSE
BdM1146,Celetes,impar,Celetes_impar,P5,28,TRUE,127.7523543,BdM1146pool28,1032724,1032390,102327,24760,0.018215,0.005012,TRUE,FALSE,FALSE
BdM1147,Celetes,impar,Celetes_impar,P5,8,FALSE,,BdM1147pool08,50993,50947,16075,813,0.037935,0.016926,TRUE,FALSE,TRUE
BdM1147,Celetes,impar,Celetes_impar,P5,28,TRUE,234.0037266,BdM1147pool28,88402,88377,31626,1052,0.035123,0.016175,TRUE,FALSE,TRUE
BdM1148,Celetes,impar,Celetes_impar,P5,8,FALSE,,BdM1148pool08,37276,37247,12132,540,0.039042,0.017056,TRUE,FALSE,FALSE
BdM1148,Celetes,impar,Celetes_impar,P5,28,TRUE,73.45367174,BdM1148pool28,306549,306484,46792,6948,0.020394,0.006385,TRUE,FALSE,FALSE
BdM1149,Celetes,impar,Celetes_impar,P5,8,FALSE,,BdM1149pool08,146970,146883,31685,3830,0.029092,0.013349,TRUE,FALSE,FALSE
BdM1149,Celetes,impar,Celetes_impar,P5,28,TRUE,172.9308338,BdM1149pool28,898235,897991,99759,19999,0.018809,0.004969,TRUE,FALSE,FALSE
BdM1150,Celetes,impar,Celetes_impar,P5,8,FALSE,,BdM1150pool08,144981,144876,34020,3519,0.03128,0.01383,TRUE,FALSE,FALSE
BdM1150,Celetes,impar,Celetes_impar,P5,28,TRUE,162.4726097,BdM1150pool28,564273,564120,65029,10513,0.018678,0.004391,TRUE,FALSE,FALSE
BdM1151,Celetes,impar,Celetes_impar,P5,8,FALSE,,BdM1151pool08,120370,120287,28419,2764,0.033879,0.013723,TRUE,FALSE,FALSE
BdM1151,Celetes,impar,Celetes_impar,P5,28,TRUE,175.2401024,BdM1151pool28,893921,893631,104974,21873,0.019676,0.005643,TRUE,FALSE,FALSE
BdM1140,Celetes,impar,Celetes_impar,P6,8,FALSE,,BdM1140pool08,2085,2083,1006,19,0.031778,0.01889,TRUE,TRUE,NA
BdM1140,Celetes,impar,Celetes_impar,P6,28,TRUE,206.7532319,BdM1140pool28,811576,811375,95712,19836,0.019112,0.005427,TRUE,FALSE,FALSE
BdM1141,Celetes,impar,Celetes_impar,P6,8,FALSE,,BdM1141pool08,2659,2654,1218,34,0.035246,0.012816,TRUE,TRUE,NA
BdM1141,Celetes,impar,Celetes_impar,P6,28,TRUE,157.5865716,BdM1141pool28,921255,921172,97039,20477,0.01753,0.005938,TRUE,FALSE,FALSE
BdM1142,Celetes,impar,Celetes_impar,P6,8,FALSE,,BdM1142pool08,82530,82453,20822,1749,0.032274,0.01467,TRUE,FALSE,FALSE
BdM1142,Celetes,impar,Celetes_impar,P6,28,TRUE,127.3149529,BdM1142pool28,1183736,1183407,113417,24708,0.019226,0.004441,TRUE,FALSE,FALSE
BdM1143,Celetes,impar,Celetes_impar,P6,8,FALSE,,BdM1143pool08,42444,42417,13571,670,0.037137,0.016597,TRUE,FALSE,FALSE
BdM1143,Celetes,impar,Celetes_impar,P6,28,TRUE,215.2383355,BdM1143pool28,838779,838533,85729,17198,0.018236,0.00476,TRUE,FALSE,FALSE
BdM1144,Celetes,impar,Celetes_impar,P6,8,FALSE,,BdM1144pool08,4777,4775,2234,51,0.032392,0.017976,TRUE,TRUE,NA
BdM1144,Celetes,impar,Celetes_impar,P6,28,TRUE,262.798409,BdM1144pool28,883574,883355,90521,19620,0.018204,0.004899,TRUE,FALSE,FALSE
BdM1135,Celetes,impar,Celetes_impar,P7,8,FALSE,,BdM1135pool08,69768,69603,19812,1217,0.037493,0.015999,TRUE,FALSE,FALSE
BdM1135,Celetes,impar,Celetes_impar,P7,28,TRUE,151.7148605,BdM1135pool28,776335,776128,94464,19426,0.019405,0.005708,TRUE,FALSE,FALSE
BdM1136,Celetes,impar,Celetes_impar,P7,8,FALSE,,BdM1136pool08,431,431,254,1,0.008633,0.023985,TRUE,TRUE,NA
BdM1136,Celetes,impar,Celetes_impar,P7,28,TRUE,105.8390762,BdM1136pool28,481448,481319,72430,13279,0.020461,0.007241,TRUE,FALSE,FALSE
BdM1138,Celetes,impar,Celetes_impar,P7,8,FALSE,,BdM1138pool08,2018,2011,1034,19,0.019089,0.018617,TRUE,TRUE,NA
BdM1138,Celetes,impar,Celetes_impar,P7,28,TRUE,142.0801506,BdM1138pool28,1107779,1106307,114566,21275,0.019418,0.004492,TRUE,FALSE,FALSE
BdM1139,Celetes,impar,Celetes_impar,P7,8,FALSE,,BdM1139pool08,529,528,271,3,0.009003,0.031816,TRUE,TRUE,NA
BdM1139,Celetes,impar,Celetes_impar,P7,28,TRUE,92.17098947,BdM1139pool28,830344,830149,93250,18610,0.019047,0.005102,TRUE,FALSE,FALSE
BdM1128,Celetes,impar,Celetes_impar,P9,8,FALSE,,BdM1128pool08,623074,622708,55877,19817,0.018936,0.006665,TRUE,FALSE,FALSE
BdM1129,Celetes,impar,Celetes_impar,P9,8,FALSE,,BdM1129pool08,677328,676871,60754,21692,0.019282,0.006599,TRUE,FALSE,FALSE
BdM1130,Celetes,impar,Celetes_impar,P9,8,FALSE,,BdM1130pool08,926800,926216,67063,27216,0.018717,0.005694,TRUE,FALSE,FALSE
BdM1131,Celetes,impar,Celetes_impar,P9,8,FALSE,,BdM1131pool08,178084,177963,34012,4925,0.028063,0.011603,TRUE,FALSE,FALSE
BdM1131,Celetes,impar,Celetes_impar,P9,28,TRUE,200.7293115,BdM1131pool28,786867,786675,90320,16906,0.018439,0.005041,TRUE,FALSE,FALSE
BdM1133,Celetes,impar,Celetes_impar,P9,8,FALSE,,BdM1133pool08,8924,8922,3715,109,0.03628,0.01827,TRUE,TRUE,NA
BdM1133,Celetes,impar,Celetes_impar,P9,28,TRUE,153.07318,BdM1133pool28,866782,866575,99260,20002,0.019317,0.005187,TRUE,FALSE,FALSE
BdM1211,Microstrates,bondari,Microstrates_bondari,P1,11,FALSE,,BdM1211pool11,229551,229453,33534,8712,0.020057,0.007978,TRUE,FALSE,FALSE
BdM1212,Microstrates,bondari,Microstrates_bondari,P1,11,FALSE,,BdM1212pool11,274043,273930,41869,9975,0.01958,0.00743,TRUE,FALSE,FALSE
BdM1213,Microstrates,bondari,Microstrates_bondari,P1,11,FALSE,,BdM1213pool11,119587,119541,24864,3809,0.023807,0.009466,TRUE,FALSE,FALSE
BdM1213,Microstrates,bondari,Microstrates_bondari,P1,24,TRUE,242.3711956,BdM1213pool24,832343,832274,104689,18379,0.016965,0.004001,TRUE,FALSE,FALSE
BdM1214,Microstrates,bondari,Microstrates_bondari,P1,11,FALSE,,BdM1214pool11,464896,464722,71380,16453,0.020821,0.007126,TRUE,FALSE,FALSE
BdM1215,Microstrates,bondari,Microstrates_bondari,P1,11,FALSE,,BdM1215pool11,381873,381721,56024,13666,0.019792,0.007136,TRUE,FALSE,FALSE
BdM1216,Microstrates,bondari,Microstrates_bondari,P1,11,FALSE,,BdM1216pool11,119187,119134,27494,3455,0.02451,0.010404,TRUE,FALSE,FALSE
BdM1216,Microstrates,bondari,Microstrates_bondari,P1,24,TRUE,98.34966311,BdM1216pool24,560746,560702,87587,14550,0.017856,0.004962,TRUE,FALSE,FALSE
BdM1217,Microstrates,bondari,Microstrates_bondari,P1,11,FALSE,,BdM1217pool11,1473752,1473062,113936,39487,0.018399,0.004126,TRUE,FALSE,FALSE
BdM1218,Microstrates,bondari,Microstrates_bondari,P1,11,FALSE,,BdM1218pool11,535183,534868,82637,19421,0.019739,0.007344,TRUE,FALSE,FALSE
BdM1219,Microstrates,bondari,Microstrates_bondari,P3,11,FALSE,,BdM1219pool11,95964,95919,20791,2942,0.02475,0.010322,TRUE,FALSE,FALSE
BdM1219,Microstrates,bondari,Microstrates_bondari,P3,24,TRUE,46.22376359,BdM1219pool24,482374,482339,73415,12375,0.018887,0.005464,TRUE,FALSE,FALSE
BdM1220,Microstrates,bondari,Microstrates_bondari,P3,11,TRUE,17.85430665,BdM1220pool11,55918,55895,2317,154,0.035827,0.001327,TRUE,FALSE,FALSE
BdM1220,Microstrates,bondari,Microstrates_bondari,P3,21,TRUE,17.85430665,BdM1220pool21,1343744,1343635,37884,3817,0.029581,0.006523,TRUE,TRUE,NA
BdM1221,Microstrates,bondari,Microstrates_bondari,P3,11,TRUE,31.66179579,BdM1221pool11,102039,102001,21868,3067,0.02425,0.00974,TRUE,FALSE,FALSE
BdM1221,Microstrates,bondari,Microstrates_bondari,P3,21,TRUE,31.66179579,BdM1221pool21,793752,793604,118687,19460,0.018841,0.005373,TRUE,FALSE,FALSE
BdM1222,Microstrates,bondari,Microstrates_bondari,P3,11,FALSE,,BdM1222pool11,38587,38572,10564,895,0.030028,0.01199,TRUE,FALSE,FALSE
BdM1222,Microstrates,bondari,Microstrates_bondari,P3,24,TRUE,124.9997126,BdM1222pool24,848905,848684,104302,18537,0.018126,0.004368,TRUE,FALSE,FALSE
BdM1223,Microstrates,bondari,Microstrates_bondari,P3,11,FALSE,,BdM1223pool11,180994,180918,30855,6536,0.021367,0.008299,TRUE,FALSE,FALSE
BdM1223,Microstrates,bondari,Microstrates_bondari,P3,24,TRUE,54.08512409,BdM1223pool24,1106545,1100154,120404,22452,0.017384,0.003946,TRUE,FALSE,FALSE
BdM1224,Microstrates,bondari,Microstrates_bondari,P3,11,FALSE,,BdM1224pool11,324857,324707,49252,11706,0.021389,0.008151,TRUE,FALSE,FALSE
BdM1268,Microstrates,bondari,Microstrates_bondari,P3,11,FALSE,,BdM1268pool11,549,548,234,3,0.054178,0.001052,TRUE,TRUE,NA
BdM1269,Microstrates,bondari,Microstrates_bondari,P3,11,FALSE,,BdM1269pool11,55745,55725,13338,1501,0.025876,0.011909,TRUE,FALSE,FALSE
BdM1269,Microstrates,bondari,Microstrates_bondari,P3,24,TRUE,197.0783544,BdM1269pool24,482867,482836,72380,12582,0.017238,0.005193,TRUE,FALSE,FALSE
BdM1225,Microstrates,bondari,Microstrates_bondari,P8,11,FALSE,,BdM1225pool11,373238,373041,44304,14021,0.017337,0.006246,TRUE,FALSE,FALSE
BdM1226,Microstrates,bondari,Microstrates_bondari,P8,11,TRUE,39.39083148,BdM1226pool11,87628,87596,6096,504,0.030218,0.004717,TRUE,FALSE,FALSE
BdM1226,Microstrates,bondari,Microstrates_bondari,P8,21,TRUE,39.39083148,BdM1226pool21,674321,674259,46179,4827,0.021287,0.007903,TRUE,FALSE,FALSE
BdM1227,Microstrates,bondari,Microstrates_bondari,P8,11,FALSE,,BdM1227pool11,97144,97111,19930,3208,0.022835,0.009223,TRUE,FALSE,FALSE
BdM1227,Microstrates,bondari,Microstrates_bondari,P8,24,TRUE,86.65031343,BdM1227pool24,550202,550136,68344,12550,0.015712,0.004158,TRUE,FALSE,FALSE
BdM1228,Microstrates,bondari,Microstrates_bondari,P8,11,FALSE,,BdM1228pool11,168660,168587,28214,6022,0.019237,0.008576,TRUE,FALSE,FALSE
BdM1229,Microstrates,bondari,Microstrates_bondari,P8,11,FALSE,,BdM1229pool11,93897,93850,20377,2894,0.024233,0.009971,TRUE,FALSE,FALSE
BdM1229,Microstrates,bondari,Microstrates_bondari,P8,24,TRUE,240.7985524,BdM1229pool24,340854,340830,42461,6145,0.015336,0.003833,TRUE,FALSE,FALSE
BdM1230,Microstrates,bondari,Microstrates_bondari,P8,11,FALSE,,BdM1230pool11,102850,102795,21288,3334,0.021361,0.009629,TRUE,FALSE,FALSE
BdM1230,Microstrates,bondari,Microstrates_bondari,P8,24,TRUE,142.8825227,BdM1230pool24,616060,615986,87991,14507,0.017142,0.004479,TRUE,FALSE,FALSE
BdM1270,Microstrates,bondari,Microstrates_bondari,P8,11,FALSE,,BdM1270pool11,262902,262772,37011,9971,0.018333,0.007199,TRUE,FALSE,FALSE
BdM1050,Microstrates,ypsilon,Microstrates_ypsilon,P4,14,FALSE,,BdM1050pool14,339623,339469,39410,13704,0.017303,0.004947,TRUE,FALSE,FALSE
BdM1050,Microstrates,ypsilon,Microstrates_ypsilon,P4,24,TRUE,252.54971,BdM1050pool24,50537,50531,7724,140,0.042353,0.004818,TRUE,TRUE,NA
BdM1051,Microstrates,ypsilon,Microstrates_ypsilon,P4,14,TRUE,8.722676335,BdM1051pool14,1272785,1272167,51343,12694,0.023358,0.004371,TRUE,FALSE,FALSE
BdM1051,Microstrates,ypsilon,Microstrates_ypsilon,P4,21,TRUE,8.722676335,BdM1051pool21,811316,811195,68478,7771,0.026312,0.005403,TRUE,FALSE,FALSE
BdM1052,Microstrates,ypsilon,Microstrates_ypsilon,P5,14,FALSE,,BdM1052pool14,698491,698151,54740,22776,0.016239,0.003574,TRUE,FALSE,FALSE
BdM1053,Microstrates,ypsilon,Microstrates_ypsilon,P5,14,FALSE,,BdM1053pool14,184279,184163,31605,7018,0.02079,0.006736,TRUE,FALSE,FALSE
BdM1053,Microstrates,ypsilon,Microstrates_ypsilon,P5,24,TRUE,124.5240568,BdM1053pool24,608464,608416,54333,7854,0.017477,0.003024,TRUE,FALSE,FALSE
BdM1054,Microstrates,ypsilon,Microstrates_ypsilon,P5,14,FALSE,,BdM1054pool14,175618,175541,27451,7299,0.019284,0.00662,TRUE,FALSE,FALSE
BdM1054,Microstrates,ypsilon,Microstrates_ypsilon,P5,24,TRUE,241.30093,BdM1054pool24,652206,652136,80652,13363,0.018166,0.003424,TRUE,FALSE,FALSE
BdM1055,Microstrates,ypsilon,Microstrates_ypsilon,P5,14,FALSE,,BdM1055pool14,491838,491633,44589,18342,0.016823,0.004157,TRUE,FALSE,FALSE
BdM1056,Microstrates,ypsilon,Microstrates_ypsilon,P5,14,FALSE,,BdM1056pool14,366663,366406,41007,14493,0.017374,0.004786,TRUE,FALSE,FALSE
BdM1057,Microstrates,ypsilon,Microstrates_ypsilon,P5,14,TRUE,21.5959129,BdM1057pool14,11214,11213,854,46,0.023655,0.000323,TRUE,TRUE,NA
BdM1057,Microstrates,ypsilon,Microstrates_ypsilon,P5,21,TRUE,21.5959129,BdM1057pool21,999562,999532,22136,843,0.037369,0.008229,TRUE,TRUE,NA
BdM1064,Microstrates,ypsilon,Microstrates_ypsilon,P7,14,FALSE,,BdM1064pool14,91748,91656,19823,3078,0.02319,0.008661,TRUE,FALSE,TRUE
BdM1064,Microstrates,ypsilon,Microstrates_ypsilon,P7,24,TRUE,140.8316358,BdM1064pool24,305554,305487,25583,3693,0.014216,0.002195,TRUE,FALSE,TRUE
BdM1065,Microstrates,ypsilon,Microstrates_ypsilon,P7,14,FALSE,,BdM1065pool14,65019,64994,14364,2125,0.022354,0.009018,TRUE,FALSE,FALSE
BdM1065,Microstrates,ypsilon,Microstrates_ypsilon,P7,24,TRUE,250.4064964,BdM1065pool24,466710,466676,66928,11383,0.017633,0.003931,TRUE,FALSE,FALSE
BdM1066,Microstrates,ypsilon,Microstrates_ypsilon,P7,14,FALSE,,BdM1066pool14,95847,95772,20222,3324,0.022029,0.00811,TRUE,FALSE,FALSE
BdM1066,Microstrates,ypsilon,Microstrates_ypsilon,P7,24,TRUE,253.5765273,BdM1066pool24,488268,488239,54387,7113,0.023431,0.004995,TRUE,FALSE,FALSE
BdM1067,Microstrates,ypsilon,Microstrates_ypsilon,P7,14,FALSE,,BdM1067pool14,41690,41641,11230,1072,0.024446,0.010051,TRUE,FALSE,TRUE
BdM1067,Microstrates,ypsilon,Microstrates_ypsilon,P7,24,TRUE,246.4163274,BdM1067pool24,264107,264075,27119,2787,0.015688,0.003098,TRUE,FALSE,TRUE
BdM1068,Microstrates,ypsilon,Microstrates_ypsilon,P7,14,FALSE,,BdM1068pool14,44662,44639,11902,1161,0.027348,0.009626,TRUE,FALSE,TRUE
BdM1068,Microstrates,ypsilon,Microstrates_ypsilon,P7,24,TRUE,69.20485022,BdM1068pool24,187719,187709,19527,1732,0.015772,0.003083,TRUE,FALSE,TRUE
BdM1069,Microstrates,ypsilon,Microstrates_ypsilon,P7,14,FALSE,,BdM1069pool14,28430,28414,8367,612,0.027963,0.009883,TRUE,FALSE,FALSE
BdM1069,Microstrates,ypsilon,Microstrates_ypsilon,P7,24,TRUE,197.6167312,BdM1069pool24,462245,462214,36339,5294,0.015691,0.002424,TRUE,FALSE,FALSE
BdM1070,Microstrates,ypsilon,Microstrates_ypsilon,P9,14,FALSE,,BdM1070pool14,253575,253461,34507,10412,0.017433,0.00559,TRUE,FALSE,FALSE
BdM1071,Microstrates,ypsilon,Microstrates_ypsilon,P9,14,FALSE,,BdM1071pool14,90856,90831,18995,3152,0.022234,0.008225,TRUE,FALSE,FALSE
BdM1071,Microstrates,ypsilon,Microstrates_ypsilon,P9,24,TRUE,234.2922502,BdM1071pool24,367063,367034,40784,5929,0.01791,0.00264,TRUE,FALSE,FALSE
BdM1072,Microstrates,ypsilon,Microstrates_ypsilon,P9,14,FALSE,,BdM1072pool14,253194,253089,32013,10609,0.017402,0.005199,TRUE,FALSE,FALSE
BdM1073,Microstrates,ypsilon,Microstrates_ypsilon,P9,14,FALSE,,BdM1073pool14,801441,801106,53289,25057,0.016041,0.003273,TRUE,FALSE,FALSE
BdM1074,Microstrates,ypsilon,Microstrates_ypsilon,P9,14,FALSE,,BdM1074pool14,1130936,1130468,61512,28755,0.01557,0.00273,TRUE,FALSE,FALSE
BdM1075,Microstrates,ypsilon,Microstrates_ypsilon,P9,14,FALSE,,BdM1075pool14,192617,192515,28780,8179,0.018076,0.00589,TRUE,FALSE,FALSE
BdM1075,Microstrates,ypsilon,Microstrates_ypsilon,P9,24,TRUE,247.1765597,BdM1075pool24,396314,396298,58077,8314,0.020518,0.005077,TRUE,FALSE,FALSE